username,user id,access hash,name,group,group id
Zlo2008,1375516739,-6453418298664570408,Ali 6a Ali 6A,Ú©Ø³Ø¨ Ø¯Ø±Ø¢Ù…Ø¯,1294814682
Zaza19977,966239121,3257298911279261367,Ğ—ÑƒĞ»ÑŒÑ„Ğ¸Ñ Ğ—ÑƒĞ»ÑŒÑ„Ğ¸Ñ,Ú©Ø³Ø¨ Ø¯Ø±Ø¢Ù…Ø¯,1294814682
Abdullah836,1262655095,-848813660053832328,Abdullah Zia,Ú©Ø³Ø¨ Ø¯Ø±Ø¢Ù…Ø¯,1294814682
ZhanarMusaeva,1368221735,2985153470915974219,zhaNNo,Ú©Ø³Ø¨ Ø¯Ø±Ø¢Ù…Ø¯,1294814682
zhanardarhan,1395542618,6326088432586403480,Zhanar Zhanar,Ú©Ø³Ø¨ Ø¯Ø±Ø¢Ù…Ø¯,1294814682
Zarimel88,831599637,8895998874649927424,ZARIMA,Ú©Ø³Ø¨ Ø¯Ø±Ø¢Ù…Ø¯,1294814682
dabala4366,1330233843,-3400050434820321767,zayan mmmmm,Ú©Ø³Ø¨ Ø¯Ø±Ø¢Ù…Ø¯,1294814682
yoolena1995,963444494,-8227166430134640861,Ğ•Ğ»ĞµĞ½Ğ° Ğš,Ú©Ø³Ø¨ Ø¯Ø±Ø¢Ù…Ø¯,1294814682
pouuyam,1413487585,402949713281958117,pou yam,Ú©Ø³Ø¨ Ø¯Ø±Ø¢Ù…Ø¯,1294814682
yasharsr11,924653905,1329938370000740741,Kimich,Ú©Ø³Ø¨ Ø¯Ø±Ø¢Ù…Ø¯,1294814682
Yacinoz,1445969216,-2954277547667710826,Yacine Djemai,Ú©Ø³Ø¨ Ø¯Ø±Ø¢Ù…Ø¯,1294814682
mohamed2222,1485150860,-8556991631103663358,MOHAMMED YHYA,Ú©Ø³Ø¨ Ø¯Ø±Ø¢Ù…Ø¯,1294814682
Naveed366,1335725893,-5588861123777568454,i love you,Ú©Ø³Ø¨ Ø¯Ø±Ø¢Ù…Ø¯,1294814682
xiaomao199,1428451946,-7405019443708587514,ĞĞ»ĞµĞºÑĞ°Ğ½Ğ´Ñ€ ĞŸĞµÑ‚ĞµĞ»Ğ¸Ğ½,Ú©Ø³Ø¨ Ø¯Ø±Ø¢Ù…Ø¯,1294814682
PIPA22531,1491855606,-1899617124277961188,x/o 22531,Ú©Ø³Ø¨ Ø¯Ø±Ø¢Ù…Ø¯,1294814682
xtremezawy,1131504526,-8517449658816646666,Ahmed Elmenyawy,Ú©Ø³Ø¨ Ø¯Ø±Ø¢Ù…Ø¯,1294814682
xolik1414,1122238471,5075085434850576456,ĞĞ±Ğ´ÑƒÑ…Ğ¾Ğ»Ğ¸Ğº,Ú©Ø³Ø¨ Ø¯Ø±Ø¢Ù…Ø¯,1294814682
Xnxx_omid_Xnxx,1146382627,-2224701400438176465,ê§ê§ğ•†áµğ¢â’¹ê§‚ê§‚,Ú©Ø³Ø¨ Ø¯Ø±Ø¢Ù…Ø¯,1294814682
Denim145,1176400368,5372820607162593237,Efsane Xalilova,Ú©Ø³Ø¨ Ø¯Ø±Ø¢Ù…Ø¯,1294814682
ebi_wi,548861883,-1003177325988753760,ebi_Wi,Ú©Ø³Ø¨ Ø¯Ø±Ø¢Ù…Ø¯,1294814682
wow288,1361808055,7295073162059187443,Ğ›ÑŠÑ‡ĞµĞ·Ğ°Ñ€ Ğ™Ğ¾Ñ€Ğ´Ğ°Ğ½Ğ¾Ğ²,Ú©Ø³Ø¨ Ø¯Ø±Ø¢Ù…Ø¯,1294814682
Khanzan,1360329483,1073602486397187166,Jones Writes,Ú©Ø³Ø¨ Ø¯Ø±Ø¢Ù…Ø¯,1294814682
Waqar1490,1497523930,-7713533520521426839,Waqar Soomro,Ú©Ø³Ø¨ Ø¯Ø±Ø¢Ù…Ø¯,1294814682
ws72462,1405953402,-2997605491806397162,ch waqas,Ú©Ø³Ø¨ Ø¯Ø±Ø¢Ù…Ø¯,1294814682
Worledmoney,1480563339,787581239768533025,Parasto6368,Ú©Ø³Ø¨ Ø¯Ø±Ø¢Ù…Ø¯,1294814682
Nnm134,222793688,452274037750487545,Vangognegar,Ú©Ø³Ø¨ Ø¯Ø±Ø¢Ù…Ø¯,1294814682
hgytgff,1457813918,-1349737804952754666,Valetta,Ú©Ø³Ø¨ Ø¯Ø±Ø¢Ù…Ø¯,1294814682
valery511,1196981692,2518349572268826987,Ğ’Ğ°Ğ»ĞµÑ€Ğ¸Ğ¹ ĞšĞ¾Ğ²Ğ°Ğ»ĞµĞ½ĞºĞ¾,Ú©Ø³Ø¨ Ø¯Ø±Ø¢Ù…Ø¯,1294814682
Japv25,362569854,-4621212829192205167,Alejandro V,Ú©Ø³Ø¨ Ø¯Ø±Ø¢Ù…Ø¯,1294814682
valaj,1157019532,3525950115415592299,Ğ²Ğ°Ğ»ĞµĞ½Ğ½Ñ‚Ğ¸Ğ½Ğ° Ğ²Ğ°Ğ»ĞµĞ½Ñ‚Ğ¸Ğ½Ğ°,Ú©Ø³Ø¨ Ø¯Ø±Ø¢Ù…Ø¯,1294814682
ubybyvttcc,1462355872,-9197446118653419775,ĞĞ»Ğ¸Ğ½Ğ°,Ú©Ø³Ø¨ Ø¯Ø±Ø¢Ù…Ø¯,1294814682
Ussmanawan,1489316737,2140630621181997479,Usman Awan,Ú©Ø³Ø¨ Ø¯Ø±Ø¢Ù…Ø¯,1294814682
Akhunzada567,1356008964,-4596848164054116254,ikram ullah,Ú©Ø³Ø¨ Ø¯Ø±Ø¢Ù…Ø¯,1294814682
Tanigavoos,1367941868,7155743481658255150,Tanigavous,Ú©Ø³Ø¨ Ø¯Ø±Ø¢Ù…Ø¯,1294814682
tunkafon_patalok,1068069447,6681029453903177336,Ilhomjon,Ú©Ø³Ø¨ Ø¯Ø±Ø¢Ù…Ø¯,1294814682
triumwir,1275411147,-6233269169479818838,Ğ®Ğ»Ğ¸Ñ Ğ›ÑĞ±Ğ¸Ğ¼Ğ¾Ğ²Ğ°,Ú©Ø³Ø¨ Ø¯Ø±Ø¢Ù…Ø¯,1294814682
gfryugf,1417961387,-5415355109129121959,Tanya,Ú©Ø³Ø¨ Ø¯Ø±Ø¢Ù…Ø¯,1294814682
TanyaSima,1458284676,-1258134033680534174,Tanya Tanya,Ú©Ø³Ø¨ Ø¯Ø±Ø¢Ù…Ø¯,1294814682
THB242424,254434914,1690463927289055534,Ù…Ø¯ÛŒØ± Ú©Ø§Ù†Ø§Ù„,Ú©Ø³Ø¨ Ø¯Ø±Ø¢Ù…Ø¯,1294814682
muritii,875858951,5591867549073230738,Titiri,Ú©Ø³Ø¨ Ø¯Ø±Ø¢Ù…Ø¯,1294814682
Mahan_tkd_007,953219376,2668870556647805437,Mahan,Ú©Ø³Ø¨ Ø¯Ø±Ø¢Ù…Ø¯,1294814682
,1268450781,2199632901577351164,H.tk,Ú©Ø³Ø¨ Ø¯Ø±Ø¢Ù…Ø¯,1294814682
Mohamma6433,1084074265,-8958951749163351313,mmd Tz,Ú©Ø³Ø¨ Ø¯Ø±Ø¢Ù…Ø¯,1294814682
Tariqsami786,1041223925,-600752430362058735,Tariq Sami,Ú©Ø³Ø¨ Ø¯Ø±Ø¢Ù…Ø¯,1294814682
Pouryaalipour_t,929807325,2506214686638312189,Pourya Alipour,Ú©Ø³Ø¨ Ø¯Ø±Ø¢Ù…Ø¯,1294814682
Ttyu80,1357091891,-968363444197498405,Telegram,Ú©Ø³Ø¨ Ø¯Ø±Ø¢Ù…Ø¯,1294814682
TommyShelby1976,1416998601,7266545163344082696,Tommy Shelby,Ú©Ø³Ø¨ Ø¯Ø±Ø¢Ù…Ø¯,1294814682
Alitaheri2fannn,1313482797,-8030736918358667686,Ali Taheri,Ú©Ø³Ø¨ Ø¯Ø±Ø¢Ù…Ø¯,1294814682
endometrioz1234,1259393779,5227889246827146074,Ğ¢Ğ°Ğ½Ñ tanaz,Ú©Ø³Ø¨ Ø¯Ø±Ø¢Ù…Ø¯,1294814682
t0m2121,866353017,-7212957937355420874,Ğ’Ğ°Ğ»ĞµÑ€Ğ¸Ñ Ğ–,Ú©Ø³Ø¨ Ø¯Ø±Ø¢Ù…Ø¯,1294814682
Tiktak1220,94432628,8977460075453394783,Alahooo,Ú©Ø³Ø¨ Ø¯Ø±Ø¢Ù…Ø¯,1294814682
TESTFORJOB1,1220165041,-9053042201382200780,ahmad,Ú©Ø³Ø¨ Ø¯Ø±Ø¢Ù…Ø¯,1294814682
Rayankevin,1203337432,-4689297141331296411,Rayan kevin sn,Ú©Ø³Ø¨ Ø¯Ø±Ø¢Ù…Ø¯,1294814682
sajjad_rk_83,1248774836,3392735356280248910,ğ¬ğšğ£ğšğ.!,Ú©Ø³Ø¨ Ø¯Ø±Ø¢Ù…Ø¯,1294814682
iShayannaseri,158198326,-615139101047549593,Shayan Na,Ú©Ø³Ø¨ Ø¯Ø±Ø¢Ù…Ø¯,1294814682
Gavrilov999,1345290019,6958187874067589135,Sasha,Ú©Ø³Ø¨ Ø¯Ø±Ø¢Ù…Ø¯,1294814682
badhab,1430158603,287303228269507893,Shhhh,Ú©Ø³Ø¨ Ø¯Ø±Ø¢Ù…Ø¯,1294814682
caprice_s,1375295295,-1875651467821275679,ĞĞ»Ñ,Ú©Ø³Ø¨ Ø¯Ø±Ø¢Ù…Ø¯,1294814682
shemyrkin,1076969825,3132441531030868485,Ğ’Ğ»Ğ°Ğ´ Ğ¨ĞµĞ¼ÑÑ€ĞºĞ¸Ğ½,Ú©Ø³Ø¨ Ø¯Ø±Ø¢Ù…Ø¯,1294814682
semas576,1478757802,-4972210290280319988,Ğ¡Ğ°Ğ½ĞµĞº ĞšÑƒĞ·Ğ½ĞµÑ†Ğ¾Ğ²,Ú©Ø³Ø¨ Ø¯Ø±Ø¢Ù…Ø¯,1294814682
alishop_shoping,513244308,-7967938195408303441,ĞĞ½Ñ‚Ğ¾Ğ½ Ğ’Ğ¾Ñ€Ğ¾Ğ±ÑŒĞµĞ²,Ú©Ø³Ø¨ Ø¯Ø±Ø¢Ù…Ø¯,1294814682
Saule_aitzhanova,848464700,1381548324670204868,Ğ¡Ğ°ÑƒĞ»Ğµ,Ú©Ø³Ø¨ Ø¯Ø±Ø¢Ù…Ø¯,1294814682
Sasha123korohod,831970377,-7739129685235794122,Sasha Korohod,Ú©Ø³Ø¨ Ø¯Ø±Ø¢Ù…Ø¯,1294814682
Amirsiahkhani,418956351,-5300443462596949305,Amir Siahkhani,Ú©Ø³Ø¨ Ø¯Ø±Ø¢Ù…Ø¯,1294814682
sandybekovna0777,1005554324,4546937277776196766,Botashka Sandybekovna,Ú©Ø³Ø¨ Ø¯Ø±Ø¢Ù…Ø¯,1294814682
Kainatshazadi,1487386200,-7422989560895770342,Kainat Shazadi,Ú©Ø³Ø¨ Ø¯Ø±Ø¢Ù…Ø¯,1294814682
,1337683892,-5269162845712097493,SM,Ú©Ø³Ø¨ Ø¯Ø±Ø¢Ù…Ø¯,1294814682
Mo_0909,1011066512,2299949806760012901,seyedmohammad giami,Ú©Ø³Ø¨ Ø¯Ø±Ø¢Ù…Ø¯,1294814682
skot73,1065700064,-3190398333283372737,Andrey73 Alex,Ú©Ø³Ø¨ Ø¯Ø±Ø¢Ù…Ø¯,1294814682
sajad8484,1207947667,7430702831848806099,sajjad 12,Ú©Ø³Ø¨ Ø¯Ø±Ø¢Ù…Ø¯,1294814682
Shmei6989,1233574293,-803418762194135623,Shmei,Ú©Ø³Ø¨ Ø¯Ø±Ø¢Ù…Ø¯,1294814682
Sg866,1461197177,-7802843664540810695,Mirza Shoaib,Ú©Ø³Ø¨ Ø¯Ø±Ø¢Ù…Ø¯,1294814682
Sadeghrap0,1053942505,5686727219561367877,Ramin.p.h,Ú©Ø³Ø¨ Ø¯Ø±Ø¢Ù…Ø¯,1294814682
Shahrammehmood,1431582718,-2370030725487894788,Shahram Mehmood,Ú©Ø³Ø¨ Ø¯Ø±Ø¢Ù…Ø¯,1294814682
saed_obd,688734628,-3656530580515120256,Ø³Ø§Ø¹Ø¯ Ø¹Ø¨ÛŒØ¯Ø§Ù„Ù„Ù‡ÛŒ,Ú©Ø³Ø¨ Ø¯Ø±Ø¢Ù…Ø¯,1294814682
saed_saedi5214,1445630594,4547390919106485127,saed saede,Ú©Ø³Ø¨ Ø¯Ø±Ø¢Ù…Ø¯,1294814682
Sayma2,1188560392,-5750875173416945477,M K,Ú©Ø³Ø¨ Ø¯Ø±Ø¢Ù…Ø¯,1294814682
GAMORA1504,862314114,-633393070991711867,stanislav150491@gmail.com stanislav1504,Ú©Ø³Ø¨ Ø¯Ø±Ø¢Ù…Ø¯,1294814682
saqibkhanjarwar,1482746029,5254306149483492110,Saqib Khan,Ú©Ø³Ø¨ Ø¯Ø±Ø¢Ù…Ø¯,1294814682
Satkanbaeva,1072519560,3257793344894360857,Satkanbaeva,Ú©Ø³Ø¨ Ø¯Ø±Ø¢Ù…Ø¯,1294814682
sijey999,1112284246,-3649706080882339523,Ğ¡ĞµÑ€Ğ³Ñ–Ğ¹ ĞšĞ¾Ğ»Ğ¾Ğ¼Ñ–Ñ”Ñ†ÑŒ,Ú©Ø³Ø¨ Ø¯Ø±Ø¢Ù…Ø¯,1294814682
Sha23445,785393570,7707318971345420971,Shahnaz,Ú©Ø³Ø¨ Ø¯Ø±Ø¢Ù…Ø¯,1294814682
SEVAK1998,953277888,1881177379007600398,SEVAK,Ú©Ø³Ø¨ Ø¯Ø±Ø¢Ù…Ø¯,1294814682
SaphieKarin,1363243003,1361960516410892901,ĞšĞ°Ñ€Ğ¸Ğ½Ñ ĞŸĞµÑ‚Ñ€Ğ¾ÑÑĞ½,Ú©Ø³Ø¨ Ø¯Ø±Ø¢Ù…Ø¯,1294814682
samson_bs,1071684422,-8667685055719002195,SAMSON,Ú©Ø³Ø¨ Ø¯Ø±Ø¢Ù…Ø¯,1294814682
Saro1992Saro,1437624228,2652576212842042900,Saro Baghdasaryan,Ú©Ø³Ø¨ Ø¯Ø±Ø¢Ù…Ø¯,1294814682
Mughal7778,1391939479,5082095850664543167,Muhammad Saqlain,Ú©Ø³Ø¨ Ø¯Ø±Ø¢Ù…Ø¯,1294814682
Arefemirzapor,420089085,2948673428806120950,ğŸ˜œ..@rÃ«fÃªh..ğŸ˜œ,Ú©Ø³Ø¨ Ø¯Ø±Ø¢Ù…Ø¯,1294814682
ekaterinak141,716096728,6038373620551519976,Ekaterinak141 Reix,Ú©Ø³Ø¨ Ø¯Ø±Ø¢Ù…Ø¯,1294814682
Rysshan,1165519418,-5609750243542700398,Rysshan Mazyeva,Ú©Ø³Ø¨ Ø¯Ø±Ø¢Ù…Ø¯,1294814682
rgehc,987996245,-5015856044923905019,ĞÑ€ĞºĞ°Ğ´Ğ¸Ğ¹ Ğ–Ğ°ĞºĞ¾Ğ²Ñ‰Ğ¸ĞºĞ¾Ğ²,Ú©Ø³Ø¨ Ø¯Ø±Ø¢Ù…Ø¯,1294814682
alirazajoiya,1404546824,4811161444539418491,Ali Raza,Ú©Ø³Ø¨ Ø¯Ø±Ø¢Ù…Ø¯,1294814682
re_anal1,1083347277,1016241524930942830,Red Joy ĞĞ½Ğ°Ğ»Ğ¸Ñ‚Ğ¸Ğº,Ú©Ø³Ø¨ Ø¯Ø±Ø¢Ù…Ø¯,1294814682
Arrierosomos65,1355720959,8128069352046120542,Jose Reina,Ú©Ø³Ø¨ Ø¯Ø±Ø¢Ù…Ø¯,1294814682
alihero12345,1070897036,7954097160553393861,Ali Raza,Ú©Ø³Ø¨ Ø¯Ø±Ø¢Ù…Ø¯,1294814682
ruslanerosch,1275271093,-164869742402437445,Ğ•Ñ€Ğ¾ÑˆĞµĞ²Ğ¸Ñ‡ Ğ ÑƒÑĞ»Ğ°Ğ½,Ú©Ø³Ø¨ Ø¯Ø±Ø¢Ù…Ø¯,1294814682
Queen6235,1105548718,1914291422699506935,ğŸ¤´ğŸ‘‘king1ğŸ‘‘ğŸ¤´,Ú©Ø³Ø¨ Ø¯Ø±Ø¢Ù…Ø¯,1294814682
quach97,1347793696,-2984854581186691700,Ğ˜Ğ²Ğ°Ğ½ Ğ‘Ğ¾Ğ½Ğ´Ğ°Ñ€ĞµĞ²,Ú©Ø³Ø¨ Ø¯Ø±Ø¢Ù…Ø¯,1294814682
payaems,1065237540,2606052564368593610,As Qa,Ú©Ø³Ø¨ Ø¯Ø±Ø¢Ù…Ø¯,1294814682
perssona500,1458488449,8905226613637244178,Ğ®Ğ»Ğ¸Ñ ĞŸĞµÑ‚Ñ€Ğ¾Ğ²Ğ°,Ú©Ø³Ø¨ Ø¯Ø±Ø¢Ù…Ø¯,1294814682
pwprodaga070,1450542925,-4412507608696711501,Ğ›ÑĞ´Ğ¼Ğ¸Ğ»Ğ° Ğ›Ğ¾Ğ±Ğ°Ğ½Ğ¾Ğ²Ğ°,Ú©Ø³Ø¨ Ø¯Ø±Ø¢Ù…Ø¯,1294814682
Lala_parsa,1335304149,2209646402697916885,Ø²ÛŒÙ†Ø¨ Ù¾Ø§Ú©ÛŒØ²Ù‡,Ú©Ø³Ø¨ Ø¯Ø±Ø¢Ù…Ø¯,1294814682
Mash24j,371013776,-3483635726424101203,p ka2,Ú©Ø³Ø¨ Ø¯Ø±Ø¢Ù…Ø¯,1294814682
Polk14,1409120967,4171395572519550168,â„¢ÄœÃ¸Ã° Ä‚Ä±Ã°â„¢,Ú©Ø³Ø¨ Ø¯Ø±Ø¢Ù…Ø¯,1294814682
Artakna,1361560173,-4782358916923462686,Pirumyan Artak,Ú©Ø³Ø¨ Ø¯Ø±Ø¢Ù…Ø¯,1294814682
pokinul0,899244304,8254957808402726457,Pokinul 04,Ú©Ø³Ø¨ Ø¯Ø±Ø¢Ù…Ø¯,1294814682
BORN_payamooo,1279877821,-6068781245599887397,2,Ú©Ø³Ø¨ Ø¯Ø±Ø¢Ù…Ø¯,1294814682
Dolartad,1323532184,-5739741428900281467,PORYA,Ú©Ø³Ø¨ Ø¯Ø±Ø¢Ù…Ø¯,1294814682
amir13731369,1314179865,-1435850740455503938,amir10 omid1373,Ú©Ø³Ø¨ Ø¯Ø±Ø¢Ù…Ø¯,1294814682
omid_abedinpour_d,1433526602,-933733902126113486,OmiD Abedinpour.D,Ú©Ø³Ø¨ Ø¯Ø±Ø¢Ù…Ø¯,1294814682
oldjufij,1458704809,-7595320117807825211,ĞĞ»Ğ¸Ğ²Ğ¸Ñ,Ú©Ø³Ø¨ Ø¯Ø±Ø¢Ù…Ø¯,1294814682
Bukenova1995,1435168466,-6079309691470764712,Fariza Orynbet,Ú©Ø³Ø¨ Ø¯Ø±Ø¢Ù…Ø¯,1294814682
Olgana792,924195022,89548307651525356,Â°ĞĞ»ĞµĞ½ÑŒĞºĞ°Â°,Ú©Ø³Ø¨ Ø¯Ø±Ø¢Ù…Ø¯,1294814682
Oksiaan,609628953,-2513162849829139024,ĞĞºÑĞ°Ğ½Ğ° Oksi,Ú©Ø³Ø¨ Ø¯Ø±Ø¢Ù…Ø¯,1294814682
,1165867445,3335635324164197718,Jyo Edits,Ú©Ø³Ø¨ Ø¯Ø±Ø¢Ù…Ø¯,1294814682
Mah_nnnn,1289039018,-1452604307072462499,Gamer dota1,Ú©Ø³Ø¨ Ø¯Ø±Ø¢Ù…Ø¯,1294814682
NAKATE666,1347732587,-4601552636003013142,Ğ²Ğ¸Ñ‚Ñ ĞºĞ¾Ñ‚,Ú©Ø³Ø¨ Ø¯Ø±Ø¢Ù…Ø¯,1294814682
Naji97GH,475647130,-8539067729050689081,Naji97 Gh,Ú©Ø³Ø¨ Ø¯Ø±Ø¢Ù…Ø¯,1294814682
ailatanguerra,1164833586,-6087966993759898568,natalia guerra,Ú©Ø³Ø¨ Ø¯Ø±Ø¢Ù…Ø¯,1294814682
nnnnz13,381710553,413019816141713722,Ø³ Ø²,Ú©Ø³Ø¨ Ø¯Ø±Ø¢Ù…Ø¯,1294814682
Nazim2971,893214107,-5730887463445853100,Nazim Ali,Ú©Ø³Ø¨ Ø¯Ø±Ø¢Ù…Ø¯,1294814682
naoha55,860774875,-4132723779882674407,aaa ahm,Ú©Ø³Ø¨ Ø¯Ø±Ø¢Ù…Ø¯,1294814682
callme_nasim,550619635,-8718360424655354373,Nasim,Ú©Ø³Ø¨ Ø¯Ø±Ø¢Ù…Ø¯,1294814682
hnozzz,1288754896,3078380320913331690,amin naami,Ú©Ø³Ø¨ Ø¯Ø±Ø¢Ù…Ø¯,1294814682
eli_n37,1016727542,7228479475126666585,Eli_n37,Ú©Ø³Ø¨ Ø¯Ø±Ø¢Ù…Ø¯,1294814682
nima_dii,840616809,-4335403135079487468,Nima Darvishi,Ú©Ø³Ø¨ Ø¯Ø±Ø¢Ù…Ø¯,1294814682
natacha511073,1187113519,-222809386181047935,Natasha,Ú©Ø³Ø¨ Ø¯Ø±Ø¢Ù…Ø¯,1294814682
Mrz121618,659386110,-8117967562669484785,Mrz,Ú©Ø³Ø¨ Ø¯Ø±Ø¢Ù…Ø¯,1294814682
gohar11a,1356540792,-1720848606443600301,Muhammad Gohar,Ú©Ø³Ø¨ Ø¯Ø±Ø¢Ù…Ø¯,1294814682
Arslan2000,1220470884,8395101376860045740,Muhammad Arslan,Ú©Ø³Ø¨ Ø¯Ø±Ø¢Ù…Ø¯,1294814682
liteml,451674808,-1924755523979949806,l Meti l,Ú©Ø³Ø¨ Ø¯Ø±Ø¢Ù…Ø¯,1294814682
MixaNova,469421299,-663980926567692081,MixaNova,Ú©Ø³Ø¨ Ø¯Ø±Ø¢Ù…Ø¯,1294814682
Maria3045,809519143,7938633330631178812,Maria Exclusive777,Ú©Ø³Ø¨ Ø¯Ø±Ø¢Ù…Ø¯,1294814682
muku81,1368312649,5507357920630067359,Juan minaya,Ú©Ø³Ø¨ Ø¯Ø±Ø¢Ù…Ø¯,1294814682
anamoji,1187570865,-2241592855789365531,mojtabiiiiiiğŸ¤ğŸ½,Ú©Ø³Ø¨ Ø¯Ø±Ø¢Ù…Ø¯,1294814682
JawadKayanii,1454454775,-4591066397965790898,Mr Khan,Ú©Ø³Ø¨ Ø¯Ø±Ø¢Ù…Ø¯,1294814682
Morteza2561366,1474175631,-1488524735303352032,Morteza,Ú©Ø³Ø¨ Ø¯Ø±Ø¢Ù…Ø¯,1294814682
Mb47046,217326679,4252485624036283615,mohammad,Ú©Ø³Ø¨ Ø¯Ø±Ø¢Ù…Ø¯,1294814682
AnahitM,1243351947,1220553678118383218,Maga,Ú©Ø³Ø¨ Ø¯Ø±Ø¢Ù…Ø¯,1294814682
Mishaal346,1384522091,5934292859832928525,Mehmood Iqbal,Ú©Ø³Ø¨ Ø¯Ø±Ø¢Ù…Ø¯,1294814682
mandii76,324486600,5889067209697789840,Mm,Ú©Ø³Ø¨ Ø¯Ø±Ø¢Ù…Ø¯,1294814682
Molly010101,1289598045,-2652387846477891077,Molly,Ú©Ø³Ø¨ Ø¯Ø±Ø¢Ù…Ø¯,1294814682
Marquezmiche1,1410240588,4650573264286828355,Michel Mata,Ú©Ø³Ø¨ Ø¯Ø±Ø¢Ù…Ø¯,1294814682
MoshaverYoutube,1234185573,-7724307647497958346,Ù…Ø´Ø§ÙˆØ± ÛŒÙˆØªÙˆØ¨,Ú©Ø³Ø¨ Ø¯Ø±Ø¢Ù…Ø¯,1294814682
Ma_baba,1480961771,1343801513437375651,.... ..â€Œ.,Ú©Ø³Ø¨ Ø¯Ø±Ø¢Ù…Ø¯,1294814682
AzharRoxx,1177725141,3447385313165741834,Azhar mahmood,Ú©Ø³Ø¨ Ø¯Ø±Ø¢Ù…Ø¯,1294814682
MOMOMIMIA,1085502231,7028276178704475085,Elephenr,Ú©Ø³Ø¨ Ø¯Ø±Ø¢Ù…Ø¯,1294814682
maheshk2,1401093702,-4456538850239041370,mahesh kumar,Ú©Ø³Ø¨ Ø¯Ø±Ø¢Ù…Ø¯,1294814682
Hhsndd,1400689798,-3901775694199970602,Mahdi,Ú©Ø³Ø¨ Ø¯Ø±Ø¢Ù…Ø¯,1294814682
mamavdekrete1,1043784014,1642711643244587824,Ğ¢Ğ°Ñ‚ÑŒÑĞ½Ğ° Ğ¢Ğ°Ğ½Ñ,Ú©Ø³Ø¨ Ø¯Ø±Ø¢Ù…Ø¯,1294814682
mmkkss16,993206964,778963268245370984,Ğ¼Ğ¸Ñ…Ğ°Ğ¸Ğ» ĞºÑƒÑ€Ğ±Ğ°Ñ‚Ğ¾Ğ²,Ú©Ø³Ø¨ Ø¯Ø±Ø¢Ù…Ø¯,1294814682
Manmurmuradi,1493679700,5179219430632960353,Gayan Muadyan,Ú©Ø³Ø¨ Ø¯Ø±Ø¢Ù…Ø¯,1294814682
Maryyyy666,311096440,1469072069863129273,Mary 244,Ú©Ø³Ø¨ Ø¯Ø±Ø¢Ù…Ø¯,1294814682
Mari_0_10,1313102737,3115222330898365173,Mariam Hovhannisyan,Ú©Ø³Ø¨ Ø¯Ø±Ø¢Ù…Ø¯,1294814682
mikmik0905,773918063,7295742743866243045,JABAR KOHIOH,Ú©Ø³Ø¨ Ø¯Ø±Ø¢Ù…Ø¯,1294814682
Aleks809090,1138166020,2701345880070188204,Aleksandr Maksimov,Ú©Ø³Ø¨ Ø¯Ø±Ø¢Ù…Ø¯,1294814682
mobinhmd,803021911,3916098353921242169,mobin,Ú©Ø³Ø¨ Ø¯Ø±Ø¢Ù…Ø¯,1294814682
MaksimK833,1091956536,7853950223248092575,ĞœĞ°ĞºÑĞ¸Ğ¼ ĞšĞ¾Ñ‚Ğ¸Ğ½,Ú©Ø³Ø¨ Ø¯Ø±Ø¢Ù…Ø¯,1294814682
mudasir7n,1222218820,4526848864707060487,Mudasir Akhtar,Ú©Ø³Ø¨ Ø¯Ø±Ø¢Ù…Ø¯,1294814682
mamouud,1451303377,-6982349675188049521,mamoud malam,Ú©Ø³Ø¨ Ø¯Ø±Ø¢Ù…Ø¯,1294814682
moalrfay,1300074625,-1915639626602862286,Ù…Ø­Ù…Ø¯ Ø§Ù„Ø±ÙØ§Ø¹ÙŠ,Ú©Ø³Ø¨ Ø¯Ø±Ø¢Ù…Ø¯,1294814682
Bilalplas,1496366446,2131062664129024375,Muhammad Bilal,Ú©Ø³Ø¨ Ø¯Ø±Ø¢Ù…Ø¯,1294814682
marialopes5866,1438421319,-5975323241545015613,Maria Lopes,Ú©Ø³Ø¨ Ø¯Ø±Ø¢Ù…Ø¯,1294814682
Mihailnwgsm,1289842794,-4468662498095345723,ĞœĞ¸Ñ…Ğ°Ğ¸Ğ» Ğ¢Ğ¸Ğ¼Ğ¾Ñ„ĞµĞµĞ²,Ú©Ø³Ø¨ Ø¯Ø±Ø¢Ù…Ø¯,1294814682
lilking007,1490843264,-7412317455875416523,Lil King,Ú©Ø³Ø¨ Ø¯Ø±Ø¢Ù…Ø¯,1294814682
liz468,1423402492,-4649762451274177628,Liza,Ú©Ø³Ø¨ Ø¯Ø±Ø¢Ù…Ø¯,1294814682
lanty395,1443139629,-5651783152249047972,ĞĞ»ĞµĞ½ĞºĞ° Ğ¡ĞµĞ¼Ñ‘Ğ½Ğ¾Ğ²Ğ°,Ú©Ø³Ø¨ Ø¯Ø±Ø¢Ù…Ø¯,1294814682
limon004,1448165153,-5638743501857446311,Ğ´Ğ¼Ğ¸Ñ‚Ñ€Ğ¸Ğ¹ Ğ´ĞµĞ½Ğ¸ÑĞ¾Ğ²,Ú©Ø³Ø¨ Ø¯Ø±Ø¢Ù…Ø¯,1294814682
LaPa6666,627637133,7078887736822158538,Ğ›Ğ°Ğ¿Ğ°,Ú©Ø³Ø¨ Ø¯Ø±Ø¢Ù…Ø¯,1294814682
lastt5,1032727018,5524979031961842332,Ğ¡Ğ¾Ğ»Ğ½Ñ†Ğµ,Ú©Ø³Ø¨ Ø¯Ø±Ø¢Ù…Ø¯,1294814682
Luiscar5610,1337985071,2527061407911721092,Luis Cardozo,Ú©Ø³Ø¨ Ø¯Ø±Ø¢Ù…Ø¯,1294814682
Lacasa999,1113788482,-4265542733938748653,Amir Gorbachoph,Ú©Ø³Ø¨ Ø¯Ø±Ø¢Ù…Ø¯,1294814682
annakep0620,742395800,-60986709240094150,annĞ° kep,Ú©Ø³Ø¨ Ø¯Ø±Ø¢Ù…Ø¯,1294814682
Karbama90,1391057007,-2804995542178325869,Barfia,Ú©Ø³Ø¨ Ø¯Ø±Ø¢Ù…Ø¯,1294814682
Khashi1376,196457051,910453192892565036,Khashayar,Ú©Ø³Ø¨ Ø¯Ø±Ø¢Ù…Ø¯,1294814682
krissg2011,1038747759,993946214756283164,ĞšÑ€Ğ¸ÑÑ‚Ğ¸Ğ½Ğ° ĞšÑ€Ğ¸ÑÑ‚Ğ¸Ğ½Ğ°,Ú©Ø³Ø¨ Ø¯Ø±Ø¢Ù…Ø¯,1294814682
khkkjk73,1454394392,-4221788665712187491,ĞĞ»ĞµĞºÑĞ°Ğ½Ğ´Ñ€ ĞšÑƒĞ»Ğ°ĞºĞ¾Ğ²,Ú©Ø³Ø¨ Ø¯Ø±Ø¢Ù…Ø¯,1294814682
cpofir,1255024012,8086952845671177160,Amirali kn,Ú©Ø³Ø¨ Ø¯Ø±Ø¢Ù…Ø¯,1294814682
anaskhan1122,1208764785,8414133245251656094,Anas Khan,Ú©Ø³Ø¨ Ø¯Ø±Ø¢Ù…Ø¯,1294814682
kasbedaramadbainstagram,1481902894,996646224028851437,kasbedaramadbainsta,Ú©Ø³Ø¨ Ø¯Ø±Ø¢Ù…Ø¯,1294814682
Kimolesja771,1374407543,4653235687658757780,KIMOLYA771,Ú©Ø³Ø¨ Ø¯Ø±Ø¢Ù…Ø¯,1294814682
jnnubbyyvtv,1446258663,1376630377187894755,Ğ Ğ°Ğ¸ÑĞ°,Ú©Ø³Ø¨ Ø¯Ø±Ø¢Ù…Ø¯,1294814682
JakomoCarmelo,996974740,4922058496429944150,Jakomo Di Febo,Ú©Ø³Ø¨ Ø¯Ø±Ø¢Ù…Ø¯,1294814682
Julia20201992,1149999078,7826989687907148651,ğŸ…¹ğŸ†„ğŸ…»ğŸ…¸ğŸ…° â˜ª ğŸ…¹ğŸ†„ğŸ…»ğŸ…¸ğŸ…°,Ú©Ø³Ø¨ Ø¯Ø±Ø¢Ù…Ø¯,1294814682
Javadfalaknazi,1483222350,-1474525560927656230,Ù…Ø­ Ø¬Ùˆ,Ú©Ø³Ø¨ Ø¯Ø±Ø¢Ù…Ø¯,1294814682
Abdullah8844,1402179030,6950493732293582463,Abdullah Javed,Ú©Ø³Ø¨ Ø¯Ø±Ø¢Ù…Ø¯,1294814682
Ismailelhaimer7,1233126020,8476862552099369318,ismail el haimer,Ú©Ø³Ø¨ Ø¯Ø±Ø¢Ù…Ø¯,1294814682
,782419069,-1913097819535451783,HESI,Ú©Ø³Ø¨ Ø¯Ø±Ø¢Ù…Ø¯,1294814682
haam66,1376900201,5590972223463928204,Ğ•ĞºĞ°Ñ‚ĞµÑ€Ğ¸Ğ½Ğ° Ğ¨ÑƒĞ±Ğ¸Ğ½Ğ°,Ú©Ø³Ø¨ Ø¯Ø±Ø¢Ù…Ø¯,1294814682
hvggyr,1428689107,-9091234183972315331,Ğ˜Ñ€ĞµĞ½,Ú©Ø³Ø¨ Ø¯Ø±Ø¢Ù…Ø¯,1294814682
hffubfr,1413368637,8222979140658704213,Ğ¡Ğ°ÑˆĞ°,Ú©Ø³Ø¨ Ø¯Ø±Ø¢Ù…Ø¯,1294814682
Hady304,1305302980,4020650845757943834,Hady,Ú©Ø³Ø¨ Ø¯Ø±Ø¢Ù…Ø¯,1294814682
hasaanbuzdar,1386221640,411858802922084430,hasaan buzdar,Ú©Ø³Ø¨ Ø¯Ø±Ø¢Ù…Ø¯,1294814682
Hamayon1108,1206943341,405753679452370785,Hamayon Ashraf,Ú©Ø³Ø¨ Ø¯Ø±Ø¢Ù…Ø¯,1294814682
Hammi1234,1254091244,-5076922654714213211,Hammi,Ú©Ø³Ø¨ Ø¯Ø±Ø¢Ù…Ø¯,1294814682
,1416772564,-6440933018364938039,h,Ú©Ø³Ø¨ Ø¯Ø±Ø¢Ù…Ø¯,1294814682
habos1234,445707543,-8163591111086800180,alone,Ú©Ø³Ø¨ Ø¯Ø±Ø¢Ù…Ø¯,1294814682
hamza1663,1100496160,6158360661131623275,Hamza Hussain,Ú©Ø³Ø¨ Ø¯Ø±Ø¢Ù…Ø¯,1294814682
AmirMehboob,869737638,7568693137880655691,Hassan Ahmed,Ú©Ø³Ø¨ Ø¯Ø±Ø¢Ù…Ø¯,1294814682
gttffffd,1407864721,-8833305923002487957,Ğ˜Ñ€Ğ¸Ğ½Ğ°,Ú©Ø³Ø¨ Ø¯Ø±Ø¢Ù…Ø¯,1294814682
gal5678,1439331539,-5093687349550067344,Ğ“Ğ°Ğ»Ñ,Ú©Ø³Ø¨ Ø¯Ø±Ø¢Ù…Ø¯,1294814682
ggwp12321k,1063712603,7810847926655847222,Ğ¢Ğ¾Ñ‚ Ğ¡Ğ°Ğ¼Ñ‹Ğ¹,Ú©Ø³Ø¨ Ø¯Ø±Ø¢Ù…Ø¯,1294814682
admar_gret,1319841975,-6419050281068515080,admar_gret admar,Ú©Ø³Ø¨ Ø¯Ø±Ø¢Ù…Ø¯,1294814682
Betforward200,420100180,8419706482936835492,arman.gh,Ú©Ø³Ø¨ Ø¯Ø±Ø¢Ù…Ø¯,1294814682
Fatiali4094,717861784,-5275911380272900272,ğŸ’•FatiğŸ’‘AliğŸ’•,Ú©Ø³Ø¨ Ø¯Ø±Ø¢Ù…Ø¯,1294814682
flykiss83,1166733352,-3381738433298856319,Ğ˜Ğ²Ğ°Ğ½ Ğ Ğ°Ğ¼Ğ°Ğ·Ğ°Ğ½Ğ¾Ğ²,Ú©Ø³Ø¨ Ø¯Ø±Ø¢Ù…Ø¯,1294814682
fendi2029,1402746090,6274167646798093376,Ğ’Ğ°Ğ´Ğ¸Ğ¼ Ğ”ÑƒĞ»Ğ¸Ğ½,Ú©Ø³Ø¨ Ø¯Ø±Ø¢Ù…Ø¯,1294814682
farooqplay01,1496255029,-564137190019406922,abdullah farooq,Ú©Ø³Ø¨ Ø¯Ø±Ø¢Ù…Ø¯,1294814682
Fahdi000,1459169060,-2148227057523630018,Fahad Fahdi,Ú©Ø³Ø¨ Ø¯Ø±Ø¢Ù…Ø¯,1294814682
Fattttiiooo,1275942750,-457223066204875632,Ffffffa,Ú©Ø³Ø¨ Ø¯Ø±Ø¢Ù…Ø¯,1294814682
Demontop9,1188964195,-6777747506669800390,BROKEN,Ú©Ø³Ø¨ Ø¯Ø±Ø¢Ù…Ø¯,1294814682
devo4kaiks,1407503521,3233160227363052977,Ğ¡Ğ²ĞµÑ‚Ğ»Ğ°Ğ½Ğ° ĞĞ½Ñ‚Ğ¸Ğ¿Ğ¾Ğ²Ğ°,Ú©Ø³Ø¨ Ø¯Ø±Ø¢Ù…Ø¯,1294814682
DMON83SVD,1296588067,5167994191019752433,Ğ¢ĞµÑ€Ğ»ĞµÑ†ĞºĞ¸Ğ¹ Ğ”Ğ¼Ğ¸Ñ‚Ğ¸Ğ¹,Ú©Ø³Ø¨ Ø¯Ø±Ø¢Ù…Ø¯,1294814682
cli1234,1456422550,-4224511794828271518,C.d,Ú©Ø³Ø¨ Ø¯Ø±Ø¢Ù…Ø¯,1294814682
Dinara090993,1027494050,-3229021554437298580,Ğ‘ĞµĞºĞ¼ÑƒÑ€Ğ°Ñ‚Ğ¾Ğ²Ğ° Ğ”Ğ¸Ğ½Ğ°Ñ€Ğ°,Ú©Ø³Ø¨ Ø¯Ø±Ø¢Ù…Ø¯,1294814682
Denchik2309,1363702123,3901472763766181999,Ğ•Ğ»ĞµĞ½Ğ° Ğ›Ğ°Ğ²Ñ€ĞµĞ½Ñ‚Ğ¸ĞºĞ¾Ğ²Ğ°,Ú©Ø³Ø¨ Ø¯Ø±Ø¢Ù…Ø¯,1294814682
Aymen_DJ,1097871181,6409107588602521701,@Aymen_ Dj,Ú©Ø³Ø¨ Ø¯Ø±Ø¢Ù…Ø¯,1294814682
camir0,1373916309,904967151030102553,Ğ¡Ğ°Ğ¼Ğ¸Ñ€ Ğ¥Ğ°Ğ·Ğ¸Ğ°Ñ…Ğ¼ĞµÑ‚Ğ¾Ğ²,Ú©Ø³Ø¨ Ø¯Ø±Ø¢Ù…Ø¯,1294814682
Crazyboyqwe,1368351167,-4710437495351378465,Crazy B0y,Ú©Ø³Ø¨ Ø¯Ø±Ø¢Ù…Ø¯,1294814682
cheema_786,1415930457,2101693265161306370,Ansar cheema,Ú©Ø³Ø¨ Ø¯Ø±Ø¢Ù…Ø¯,1294814682
ALVAROCARMONATA,1246814132,-2004191680144960700,ALVARO CARMONA,Ú©Ø³Ø¨ Ø¯Ø±Ø¢Ù…Ø¯,1294814682
abdolaziz00,1352302385,6454693843312662930,A B,Ú©Ø³Ø¨ Ø¯Ø±Ø¢Ù…Ø¯,1294814682
bankir3,676292665,-3028208131602194292,Bankir,Ú©Ø³Ø¨ Ø¯Ø±Ø¢Ù…Ø¯,1294814682
,1439805873,-1906268687079780730,BusinessSafe,Ú©Ø³Ø¨ Ø¯Ø±Ø¢Ù…Ø¯,1294814682
autumnn_boy,984791081,-7113795341096532124,.,Ú©Ø³Ø¨ Ø¯Ø±Ø¢Ù…Ø¯,1294814682
bagira444,1294448829,-1636991826145078873,Ğ’Ğ°Ğ½ĞµÑÑĞ° ĞšĞ¸Ñ€Ğ±Ğ¸,Ú©Ø³Ø¨ Ø¯Ø±Ø¢Ù…Ø¯,1294814682
Alii8717166,30079922,177612986217321661,Alii @@@,Ú©Ø³Ø¨ Ø¯Ø±Ø¢Ù…Ø¯,1294814682
alawy4570,1434359849,-1179254140969071751,ğŸ¤©@|@ğŸ¥°â‚©Â¥ğŸ˜,Ú©Ø³Ø¨ Ø¯Ø±Ø¢Ù…Ø¯,1294814682
Amir1235431,1221400947,-4230302806679146435,Ø§Ù…ÛŒØ±,Ú©Ø³Ø¨ Ø¯Ø±Ø¢Ù…Ø¯,1294814682
Aleksandr11113,771243651,-3739084023861444124,Alex Alex111,Ú©Ø³Ø¨ Ø¯Ø±Ø¢Ù…Ø¯,1294814682
Alivetka,1066858731,-8780756822195052468,Ğ¡Ğ•Ğ Ğ“Ğ•Ğ™,Ú©Ø³Ø¨ Ø¯Ø±Ø¢Ù…Ø¯,1294814682
Antongulyaev1999,1195887034,1880597477595358584,ĞĞ½Ñ‚Ğ¾Ğ½ Ğ“ÑƒĞ»ÑĞµĞ²,Ú©Ø³Ø¨ Ø¯Ø±Ø¢Ù…Ø¯,1294814682
,1362583855,1021800121972351305,Admin,Ú©Ø³Ø¨ Ø¯Ø±Ø¢Ù…Ø¯,1294814682
am_7798,732165135,262992191388336233,A.,Ú©Ø³Ø¨ Ø¯Ø±Ø¢Ù…Ø¯,1294814682
A010005,992067152,2335432586042487973,ğŸ¦…,Ú©Ø³Ø¨ Ø¯Ø±Ø¢Ù…Ø¯,1294814682
Ahmanovajanar81j,307435407,4287876292411615075,Ğ–ĞĞĞĞ  ĞĞ¥ĞœĞĞĞĞ’Ğ,Ú©Ø³Ø¨ Ø¯Ø±Ø¢Ù…Ø¯,1294814682
amaurisg9,214263943,5828619988902868118,Amauris,Ú©Ø³Ø¨ Ø¯Ø±Ø¢Ù…Ø¯,1294814682
amiirrhm,624808452,-3931197160753195915,amir,Ú©Ø³Ø¨ Ø¯Ø±Ø¢Ù…Ø¯,1294814682
abdoani,1195852490,877220839890568852,abdo,Ú©Ø³Ø¨ Ø¯Ø±Ø¢Ù…Ø¯,1294814682
Arqa_03,1428268099,5799868260076531867,Arqa ğŸ–¤,Ú©Ø³Ø¨ Ø¯Ø±Ø¢Ù…Ø¯,1294814682
Alion988,921236477,6253550579895594582,Ali,Ú©Ø³Ø¨ Ø¯Ø±Ø¢Ù…Ø¯,1294814682
,1454758259,-4536722255088294724,Ali,Ú©Ø³Ø¨ Ø¯Ø±Ø¢Ù…Ø¯,1294814682
amirhosein822000,1255674223,7142686804009269481,:-) :-),Ú©Ø³Ø¨ Ø¯Ø±Ø¢Ù…Ø¯,1294814682
